iter,best
1,4975.74
2,4590.00
3,4590.00
4,4467.91
5,4460.31
6,4460.31
7,4460.31
8,4460.31
9,4460.31
10,4460.31
11,4460.31
12,4460.31
13,4460.31
14,4460.31
15,4460.31
16,4460.31
17,4460.31
18,4460.31
19,4460.31
20,4460.31
21,4460.31
22,4460.31
23,4460.31
24,4460.31
25,4460.31
26,4460.31
27,4460.31
28,4460.31
29,4460.31
30,4460.31
31,4460.31
32,4460.31
33,4460.31
34,4460.31
35,4460.31
36,4460.31
37,4460.31
38,4460.31
39,4460.31
40,4460.31
41,4460.31
42,4460.31
43,4460.31
44,4460.31
45,4460.31
46,4460.31
47,4460.31
48,4460.31
49,4460.31
50,4460.31
51,4460.31
52,4460.31
53,4460.31
54,4460.31
55,4460.31
56,4460.31
57,4460.31
58,4460.31
59,4460.31
60,4460.31
61,4460.31
62,4460.31
63,4460.31
64,4460.31
65,4460.31
66,4460.31
67,4460.31
68,4460.31
69,4460.31
70,4460.31
71,4460.31
72,4460.31
73,4460.31
74,4460.31
75,4460.31
76,4460.31
77,4460.31
78,4460.31
79,4460.31
80,4460.31
81,4460.31
82,4460.31
83,4460.31
84,4460.31
85,4460.31
86,4460.31
87,4460.31
88,4460.31
89,4460.31
90,4460.31
91,4460.31
92,4460.31
93,4460.31
94,4460.31
95,4460.31
96,4460.31
97,4460.31
98,4460.31
99,4460.31
100,4460.31
